insert into PERSONAS (DNI, NOMBRE, APELLIDOS, FECHA_ALTA) values ('69-7455445', 'Mariele', 'Shawcross', TO_TIMESTAMP('2020-04-29 12:53:27','YYYY-MM-DD HH24:MI:SS'));             INSERT INTO CLIENTES VALUES (false,'69-7455445');
insert into PERSONAS (DNI, NOMBRE, APELLIDOS, FECHA_ALTA) values ('17-2240891', 'Kayne', 'Cadlock', TO_TIMESTAMP('2019-09-24 22:22:17','YYYY-MM-DD HH24:MI:SS'));                 INSERT INTO CLIENTES VALUES (false,'17-2240891');
insert into PERSONAS (DNI, NOMBRE, APELLIDOS, FECHA_ALTA) values ('02-1345231', 'Stacy', 'Devonald', TO_TIMESTAMP('2020-04-07 14:06:14','YYYY-MM-DD HH24:MI:SS'));                INSERT INTO CLIENTES VALUES (false,'02-1345231');
insert into PERSONAS (DNI, NOMBRE, APELLIDOS, FECHA_ALTA) values ('95-8986130', 'Vivie', 'Mateja', TO_TIMESTAMP('2020-06-14 22:36:04','YYYY-MM-DD HH24:MI:SS'));                  INSERT INTO CLIENTES VALUES (false,'95-8986130');
insert into PERSONAS (DNI, NOMBRE, APELLIDOS, FECHA_ALTA) values ('45-7396212', 'Tammi', 'Goaks', TO_TIMESTAMP('2020-02-14 22:17:11','YYYY-MM-DD HH24:MI:SS'));                   INSERT INTO CLIENTES VALUES (false,'45-7396212');
insert into PERSONAS (DNI, NOMBRE, APELLIDOS, FECHA_ALTA) values ('99-7967471', 'Ginny', 'Blinkhorn', TO_TIMESTAMP('2019-12-10 00:38:29','YYYY-MM-DD HH24:MI:SS'));               INSERT INTO CLIENTES VALUES (false,'99-7967471');
insert into PERSONAS (DNI, NOMBRE, APELLIDOS, FECHA_ALTA) values ('49-7090409', 'Genia', 'Dunphy', TO_TIMESTAMP('2019-10-25 09:44:13','YYYY-MM-DD HH24:MI:SS'));                  INSERT INTO CLIENTES VALUES (false,'49-7090409');
insert into PERSONAS (DNI, NOMBRE, APELLIDOS, FECHA_ALTA) values ('04-2375829', 'Ambrosi', 'Healings', TO_TIMESTAMP('2019-12-19 03:15:33','YYYY-MM-DD HH24:MI:SS'));              INSERT INTO CLIENTES VALUES (false,'04-2375829');
insert into PERSONAS (DNI, NOMBRE, APELLIDOS, FECHA_ALTA) values ('12-6790123', 'Aurelea', 'Mallindine', TO_TIMESTAMP('2019-10-10 01:14:11','YYYY-MM-DD HH24:MI:SS'));            INSERT INTO CLIENTES VALUES (false,'12-6790123');
insert into PERSONAS (DNI, NOMBRE, APELLIDOS, FECHA_ALTA) values ('79-5642313', 'Mattias', 'Camerati', TO_TIMESTAMP('2020-03-31 02:19:16','YYYY-MM-DD HH24:MI:SS'));              INSERT INTO CLIENTES VALUES (false,'79-5642313');
insert into PERSONAS (DNI, NOMBRE, APELLIDOS, FECHA_ALTA) values ('52-9285942', 'Marcile', 'Stovine', TO_TIMESTAMP('2019-11-02 02:59:53','YYYY-MM-DD HH24:MI:SS'));               INSERT INTO CLIENTES VALUES (false,'52-9285942');
insert into PERSONAS (DNI, NOMBRE, APELLIDOS, FECHA_ALTA) values ('53-7802629', 'Aldin', 'Muscroft', TO_TIMESTAMP('2019-09-02 16:56:46','YYYY-MM-DD HH24:MI:SS'));                INSERT INTO CLIENTES VALUES (false,'53-7802629');
insert into PERSONAS (DNI, NOMBRE, APELLIDOS, FECHA_ALTA) values ('27-0466183', 'Ernaline', 'Jagg', TO_TIMESTAMP('2019-08-28 23:26:36','YYYY-MM-DD HH24:MI:SS'));                 INSERT INTO CLIENTES VALUES (false,'27-0466183');
insert into PERSONAS (DNI, NOMBRE, APELLIDOS, FECHA_ALTA) values ('51-7651151', 'Dinny', 'Griffoen', TO_TIMESTAMP('2019-10-19 08:58:10','YYYY-MM-DD HH24:MI:SS'));                INSERT INTO CLIENTES VALUES (false,'51-7651151');
insert into PERSONAS (DNI, NOMBRE, APELLIDOS, FECHA_ALTA) values ('43-6091470', 'Fay', 'Rummin', TO_TIMESTAMP('2020-08-08 17:47:17','YYYY-MM-DD HH24:MI:SS'));                    INSERT INTO CLIENTES VALUES (false,'43-6091470');
insert into PERSONAS (DNI, NOMBRE, APELLIDOS, FECHA_ALTA) values ('31-0460706', 'Atlanta', 'Lievesley', TO_TIMESTAMP('2020-06-21 17:26:32','YYYY-MM-DD HH24:MI:SS'));             INSERT INTO CLIENTES VALUES (false,'31-0460706');
insert into PERSONAS (DNI, NOMBRE, APELLIDOS, FECHA_ALTA) values ('60-2566276', 'Inger', 'Peat', TO_TIMESTAMP('2020-07-31 03:43:21','YYYY-MM-DD HH24:MI:SS'));                    INSERT INTO CLIENTES VALUES (false,'60-2566276');
insert into PERSONAS (DNI, NOMBRE, APELLIDOS, FECHA_ALTA) values ('20-9595857', 'Zeb', 'Pace', TO_TIMESTAMP('2020-07-10 02:59:56','YYYY-MM-DD HH24:MI:SS'));                      INSERT INTO CLIENTES VALUES (false,'20-9595857');
insert into PERSONAS (DNI, NOMBRE, APELLIDOS, FECHA_ALTA) values ('07-0297227', 'Lesli', 'Gumn', TO_TIMESTAMP('2019-10-24 04:52:24','YYYY-MM-DD HH24:MI:SS'));                    INSERT INTO CLIENTES VALUES (false,'07-0297227');
insert into PERSONAS (DNI, NOMBRE, APELLIDOS, FECHA_ALTA) values ('63-4372223', 'Saunder', 'Pagan', TO_TIMESTAMP('2020-03-20 09:45:36','YYYY-MM-DD HH24:MI:SS'));                 INSERT INTO CLIENTES VALUES (false,'63-4372223');
insert into PERSONAS (DNI, NOMBRE, APELLIDOS, FECHA_ALTA) values ('66-7641534', 'Pauline', 'Eden', TO_TIMESTAMP('2020-07-04 00:51:02','YYYY-MM-DD HH24:MI:SS'));                  INSERT INTO CLIENTES VALUES (false,'66-7641534');
insert into PERSONAS (DNI, NOMBRE, APELLIDOS, FECHA_ALTA) values ('90-9530365', 'Margo', 'Coupar', TO_TIMESTAMP('2020-03-24 15:00:09','YYYY-MM-DD HH24:MI:SS'));                  INSERT INTO CLIENTES VALUES (false,'90-9530365');
insert into PERSONAS (DNI, NOMBRE, APELLIDOS, FECHA_ALTA) values ('62-8290908', 'Yorker', 'Farrance', TO_TIMESTAMP('2020-08-18 21:25:08','YYYY-MM-DD HH24:MI:SS'));               INSERT INTO CLIENTES VALUES (false,'62-8290908');
insert into PERSONAS (DNI, NOMBRE, APELLIDOS, FECHA_ALTA) values ('98-8108244', 'Phoebe', 'Muskett', TO_TIMESTAMP('2020-08-12 09:06:59','YYYY-MM-DD HH24:MI:SS'));                INSERT INTO CLIENTES VALUES (false,'98-8108244');
insert into PERSONAS (DNI, NOMBRE, APELLIDOS, FECHA_ALTA) values ('99-9429320', 'Monro', 'Hallbird', TO_TIMESTAMP('2020-02-08 02:08:42','YYYY-MM-DD HH24:MI:SS'));                INSERT INTO CLIENTES VALUES (false,'99-9429320');
insert into PERSONAS (DNI, NOMBRE, APELLIDOS, FECHA_ALTA) values ('59-9585980', 'Mar', 'Caramuscia', TO_TIMESTAMP('2019-09-21 21:15:04','YYYY-MM-DD HH24:MI:SS'));                INSERT INTO CLIENTES VALUES (false,'59-9585980');
insert into PERSONAS (DNI, NOMBRE, APELLIDOS, FECHA_ALTA) values ('34-0998170', 'Gardener', 'Bourdel', TO_TIMESTAMP('2019-11-09 14:25:27','YYYY-MM-DD HH24:MI:SS'));              INSERT INTO CLIENTES VALUES (false,'34-0998170');
insert into PERSONAS (DNI, NOMBRE, APELLIDOS, FECHA_ALTA) values ('46-4791859', 'Ailene', 'Mabbett', TO_TIMESTAMP('2019-12-19 21:08:38','YYYY-MM-DD HH24:MI:SS'));                INSERT INTO CLIENTES VALUES (false,'46-4791859');
insert into PERSONAS (DNI, NOMBRE, APELLIDOS, FECHA_ALTA) values ('34-9255174', 'Viki', 'Kirtland', TO_TIMESTAMP('2019-11-01 07:33:20','YYYY-MM-DD HH24:MI:SS'));                 INSERT INTO CLIENTES VALUES (false,'34-9255174');
insert into PERSONAS (DNI, NOMBRE, APELLIDOS, FECHA_ALTA) values ('39-8902412', 'Wally', 'Bursnoll', TO_TIMESTAMP('2020-08-11 00:04:28','YYYY-MM-DD HH24:MI:SS'));                INSERT INTO CLIENTES VALUES (false,'39-8902412');
insert into PERSONAS (DNI, NOMBRE, APELLIDOS, FECHA_ALTA) values ('83-8367223', 'Bartie', 'Harwell', TO_TIMESTAMP('2020-04-07 18:43:56','YYYY-MM-DD HH24:MI:SS'));                INSERT INTO CLIENTES VALUES (false,'83-8367223');
insert into PERSONAS (DNI, NOMBRE, APELLIDOS, FECHA_ALTA) values ('50-4294970', 'Joelynn', 'Grinov', TO_TIMESTAMP('2020-01-20 12:56:37','YYYY-MM-DD HH24:MI:SS'));                INSERT INTO CLIENTES VALUES (false,'50-4294970');
insert into PERSONAS (DNI, NOMBRE, APELLIDOS, FECHA_ALTA) values ('83-4146494', 'Alisun', 'Taks', TO_TIMESTAMP('2020-02-19 05:33:34','YYYY-MM-DD HH24:MI:SS'));                   INSERT INTO CLIENTES VALUES (false,'83-4146494');
insert into PERSONAS (DNI, NOMBRE, APELLIDOS, FECHA_ALTA) values ('06-4860232', 'Katherine', 'Wetherald', TO_TIMESTAMP('2019-12-01 21:13:11','YYYY-MM-DD HH24:MI:SS'));           INSERT INTO CLIENTES VALUES (false,'06-4860232');
insert into PERSONAS (DNI, NOMBRE, APELLIDOS, FECHA_ALTA) values ('62-0449047', 'Reinald', 'Cardenoso', TO_TIMESTAMP('2019-10-10 04:01:08','YYYY-MM-DD HH24:MI:SS'));             INSERT INTO CLIENTES VALUES (false,'62-0449047');
insert into PERSONAS (DNI, NOMBRE, APELLIDOS, FECHA_ALTA) values ('04-4670147', 'Emilio', 'Stanman', TO_TIMESTAMP('2020-05-13 04:50:22','YYYY-MM-DD HH24:MI:SS'));                INSERT INTO CLIENTES VALUES (false,'04-4670147');
insert into PERSONAS (DNI, NOMBRE, APELLIDOS, FECHA_ALTA) values ('60-3795236', 'Boyd', 'Gersam', TO_TIMESTAMP('2020-08-11 01:55:56','YYYY-MM-DD HH24:MI:SS'));                   INSERT INTO CLIENTES VALUES (false,'60-3795236');
insert into PERSONAS (DNI, NOMBRE, APELLIDOS, FECHA_ALTA) values ('58-5838554', 'Patten', 'Brownbill', TO_TIMESTAMP('2019-11-26 09:54:11','YYYY-MM-DD HH24:MI:SS'));              INSERT INTO CLIENTES VALUES (false,'58-5838554');
insert into PERSONAS (DNI, NOMBRE, APELLIDOS, FECHA_ALTA) values ('65-6331490', 'Dione', 'Lafford', TO_TIMESTAMP('2020-04-22 08:06:32','YYYY-MM-DD HH24:MI:SS'));                 INSERT INTO CLIENTES VALUES (false,'65-6331490');
insert into PERSONAS (DNI, NOMBRE, APELLIDOS, FECHA_ALTA) values ('29-5295718', 'Nicolai', 'Riddall', TO_TIMESTAMP('2019-10-19 11:22:25','YYYY-MM-DD HH24:MI:SS'));               INSERT INTO CLIENTES VALUES (false,'29-5295718');
insert into PERSONAS (DNI, NOMBRE, APELLIDOS, FECHA_ALTA) values ('68-5775068', 'Karoline', 'Pavlik', TO_TIMESTAMP('2019-09-04 07:37:15','YYYY-MM-DD HH24:MI:SS'));               INSERT INTO CLIENTES VALUES (false,'68-5775068');
insert into PERSONAS (DNI, NOMBRE, APELLIDOS, FECHA_ALTA) values ('88-4349806', 'Mal', 'Knibbs', TO_TIMESTAMP('2019-09-04 02:08:04','YYYY-MM-DD HH24:MI:SS'));                    INSERT INTO CLIENTES VALUES (false,'88-4349806');
insert into PERSONAS (DNI, NOMBRE, APELLIDOS, FECHA_ALTA) values ('12-8058380', 'Estevan', 'Tampin', TO_TIMESTAMP('2020-04-28 11:02:13','YYYY-MM-DD HH24:MI:SS'));                INSERT INTO CLIENTES VALUES (false,'12-8058380');
insert into PERSONAS (DNI, NOMBRE, APELLIDOS, FECHA_ALTA) values ('92-6500624', 'Karlens', 'Hurrion', TO_TIMESTAMP('2020-05-12 01:22:29','YYYY-MM-DD HH24:MI:SS'));               INSERT INTO CLIENTES VALUES (false,'92-6500624');
insert into PERSONAS (DNI, NOMBRE, APELLIDOS, FECHA_ALTA) values ('90-6644112', 'Stephen', 'Fanshawe', TO_TIMESTAMP('2019-09-10 23:47:43','YYYY-MM-DD HH24:MI:SS'));              INSERT INTO CLIENTES VALUES (false,'90-6644112');
insert into PERSONAS (DNI, NOMBRE, APELLIDOS, FECHA_ALTA) values ('17-7267546', 'Sergio', 'Giorgi', TO_TIMESTAMP('2020-07-12 16:58:10','YYYY-MM-DD HH24:MI:SS'));                 INSERT INTO CLIENTES VALUES (false,'17-7267546');
insert into PERSONAS (DNI, NOMBRE, APELLIDOS, FECHA_ALTA) values ('51-6785113', 'Eachelle', 'Fearnill', TO_TIMESTAMP('2020-07-22 16:26:25','YYYY-MM-DD HH24:MI:SS'));             INSERT INTO CLIENTES VALUES (false,'51-6785113');
insert into PERSONAS (DNI, NOMBRE, APELLIDOS, FECHA_ALTA) values ('62-6771637', 'Yvette', 'Tydeman', TO_TIMESTAMP('2019-10-20 09:13:05','YYYY-MM-DD HH24:MI:SS'));                INSERT INTO CLIENTES VALUES (true,'62-6771637');
insert into PERSONAS (DNI, NOMBRE, APELLIDOS, FECHA_ALTA) values ('39-9584067', 'Dianna', 'Boutell', TO_TIMESTAMP('2020-04-22 16:46:27','YYYY-MM-DD HH24:MI:SS'));                INSERT INTO CLIENTES VALUES (true,'39-9584067');
insert into PERSONAS (DNI, NOMBRE, APELLIDOS, FECHA_ALTA) values ('42-4151705', 'Aguste', 'Jaques', TO_TIMESTAMP('2020-07-31 10:26:48','YYYY-MM-DD HH24:MI:SS'));                 INSERT INTO CLIENTES VALUES (true,'42-4151705');
insert into PERSONAS (DNI, NOMBRE, APELLIDOS, FECHA_ALTA) values ('29-4970811', 'Waldemar', 'Jenking', TO_TIMESTAMP('2020-01-12 04:37:58','YYYY-MM-DD HH24:MI:SS'));              INSERT INTO CLIENTES VALUES (true,'29-4970811');
insert into PERSONAS (DNI, NOMBRE, APELLIDOS, FECHA_ALTA) values ('31-9540286', 'Erda', 'Pidler', TO_TIMESTAMP('2019-10-20 03:41:49','YYYY-MM-DD HH24:MI:SS'));                   INSERT INTO CLIENTES VALUES (true,'31-9540286');
insert into PERSONAS (DNI, NOMBRE, APELLIDOS, FECHA_ALTA) values ('63-0634444', 'Alaster', 'Oakwood', TO_TIMESTAMP('2020-05-01 13:21:25','YYYY-MM-DD HH24:MI:SS'));               INSERT INTO CLIENTES VALUES (true,'63-0634444');
insert into PERSONAS (DNI, NOMBRE, APELLIDOS, FECHA_ALTA) values ('53-5142405', 'Falkner', 'Radden', TO_TIMESTAMP('2020-04-21 18:22:46','YYYY-MM-DD HH24:MI:SS'));                INSERT INTO CLIENTES VALUES (true,'53-5142405');
insert into PERSONAS (DNI, NOMBRE, APELLIDOS, FECHA_ALTA) values ('68-5785036', 'Illa', 'Fourmy', TO_TIMESTAMP('2019-12-17 15:44:38','YYYY-MM-DD HH24:MI:SS'));                   INSERT INTO CLIENTES VALUES (true,'68-5785036');
insert into PERSONAS (DNI, NOMBRE, APELLIDOS, FECHA_ALTA) values ('35-7709572', 'Montague', 'Goatcher', TO_TIMESTAMP('2020-06-29 19:35:02','YYYY-MM-DD HH24:MI:SS'));             INSERT INTO CLIENTES VALUES (true,'35-7709572');
insert into PERSONAS (DNI, NOMBRE, APELLIDOS, FECHA_ALTA) values ('98-0560202', 'Gwen', 'McFadin', TO_TIMESTAMP('2020-05-20 05:22:34','YYYY-MM-DD HH24:MI:SS'));                  INSERT INTO CLIENTES VALUES (true,'98-0560202');
insert into PERSONAS (DNI, NOMBRE, APELLIDOS, FECHA_ALTA) values ('77-8617158', 'Leonhard', 'Heber', TO_TIMESTAMP('2020-04-09 01:49:18','YYYY-MM-DD HH24:MI:SS'));                INSERT INTO CLIENTES VALUES (true,'77-8617158');
insert into PERSONAS (DNI, NOMBRE, APELLIDOS, FECHA_ALTA) values ('09-0456020', 'Stacy', 'Lawling', TO_TIMESTAMP('2019-09-09 08:02:27','YYYY-MM-DD HH24:MI:SS'));                 INSERT INTO CLIENTES VALUES (true,'09-0456020');
insert into PERSONAS (DNI, NOMBRE, APELLIDOS, FECHA_ALTA) values ('19-3136910', 'Toiboid', 'Christal', TO_TIMESTAMP('2020-04-15 22:30:27','YYYY-MM-DD HH24:MI:SS'));              INSERT INTO CLIENTES VALUES (true,'19-3136910');
insert into PERSONAS (DNI, NOMBRE, APELLIDOS, FECHA_ALTA) values ('21-1215817', 'Twyla', 'Ellice', TO_TIMESTAMP('2019-09-24 02:03:19','YYYY-MM-DD HH24:MI:SS'));                  INSERT INTO CLIENTES VALUES (true,'21-1215817');
insert into PERSONAS (DNI, NOMBRE, APELLIDOS, FECHA_ALTA) values ('47-0218916', 'Abra', 'Redler', TO_TIMESTAMP('2020-08-15 02:09:35','YYYY-MM-DD HH24:MI:SS'));                   INSERT INTO CLIENTES VALUES (true,'47-0218916');
insert into PERSONAS (DNI, NOMBRE, APELLIDOS, FECHA_ALTA) values ('06-8810856', 'Hervey', 'Mortimer', TO_TIMESTAMP('2019-10-21 01:39:30','YYYY-MM-DD HH24:MI:SS'));               INSERT INTO CLIENTES VALUES (true,'06-8810856');
insert into PERSONAS (DNI, NOMBRE, APELLIDOS, FECHA_ALTA) values ('80-2587083', 'Ethelyn', 'Hucquart', TO_TIMESTAMP('2019-10-14 13:02:40','YYYY-MM-DD HH24:MI:SS'));              INSERT INTO CLIENTES VALUES (true,'80-2587083');
insert into PERSONAS (DNI, NOMBRE, APELLIDOS, FECHA_ALTA) values ('82-6259984', 'Corella', 'Urquhart', TO_TIMESTAMP('2020-07-08 15:48:30','YYYY-MM-DD HH24:MI:SS'));              INSERT INTO CLIENTES VALUES (true,'82-6259984');
insert into PERSONAS (DNI, NOMBRE, APELLIDOS, FECHA_ALTA) values ('71-7821983', 'Garnette', 'Kitley', TO_TIMESTAMP('2019-09-19 05:22:39','YYYY-MM-DD HH24:MI:SS'));               INSERT INTO CLIENTES VALUES (true,'71-7821983');
insert into PERSONAS (DNI, NOMBRE, APELLIDOS, FECHA_ALTA) values ('85-0135839', 'Dorice', 'Loughlin', TO_TIMESTAMP('2019-10-01 06:07:09','YYYY-MM-DD HH24:MI:SS'));               INSERT INTO CLIENTES VALUES (true,'85-0135839');
insert into PERSONAS (DNI, NOMBRE, APELLIDOS, FECHA_ALTA) values ('27-5828244', 'Maddi', 'Conybear', TO_TIMESTAMP('2020-04-07 15:52:22','YYYY-MM-DD HH24:MI:SS'));                INSERT INTO CLIENTES VALUES (true,'27-5828244');
insert into PERSONAS (DNI, NOMBRE, APELLIDOS, FECHA_ALTA) values ('97-4083693', 'Katrina', 'Bleything', TO_TIMESTAMP('2019-12-03 00:52:56','YYYY-MM-DD HH24:MI:SS'));             INSERT INTO CLIENTES VALUES (true,'97-4083693');
insert into PERSONAS (DNI, NOMBRE, APELLIDOS, FECHA_ALTA) values ('87-6121924', 'Chen', 'Faers', TO_TIMESTAMP('2020-03-28 07:48:30','YYYY-MM-DD HH24:MI:SS'));                    INSERT INTO CLIENTES VALUES (true,'87-6121924');
insert into PERSONAS (DNI, NOMBRE, APELLIDOS, FECHA_ALTA) values ('28-9550981', 'Carmita', 'Arthan', TO_TIMESTAMP('2020-04-03 11:29:20','YYYY-MM-DD HH24:MI:SS'));                INSERT INTO CLIENTES VALUES (true,'28-9550981');
insert into PERSONAS (DNI, NOMBRE, APELLIDOS, FECHA_ALTA) values ('22-9347299', 'Cassey', 'Penrice', TO_TIMESTAMP('2020-08-14 20:51:42','YYYY-MM-DD HH24:MI:SS'));                INSERT INTO CLIENTES VALUES (true,'22-9347299');
insert into PERSONAS (DNI, NOMBRE, APELLIDOS, FECHA_ALTA) values ('11-8975176', 'Jenine', 'Rozenbaum', TO_TIMESTAMP('2019-09-19 09:37:55','YYYY-MM-DD HH24:MI:SS'));              INSERT INTO CLIENTES VALUES (true,'11-8975176');
insert into PERSONAS (DNI, NOMBRE, APELLIDOS, FECHA_ALTA) values ('09-9238133', 'Tarrah', 'Saltsberg', TO_TIMESTAMP('2019-12-26 19:07:30','YYYY-MM-DD HH24:MI:SS'));              INSERT INTO CLIENTES VALUES (true,'09-9238133');
insert into PERSONAS (DNI, NOMBRE, APELLIDOS, FECHA_ALTA) values ('47-8411209', 'Afton', 'Klauer', TO_TIMESTAMP('2019-12-23 16:06:54','YYYY-MM-DD HH24:MI:SS'));                  INSERT INTO CLIENTES VALUES (true,'47-8411209');
insert into PERSONAS (DNI, NOMBRE, APELLIDOS, FECHA_ALTA) values ('18-9964683', 'Elia', 'Francesco', TO_TIMESTAMP('2020-01-03 22:07:09','YYYY-MM-DD HH24:MI:SS'));                INSERT INTO CLIENTES VALUES (true,'18-9964683');
insert into PERSONAS (DNI, NOMBRE, APELLIDOS, FECHA_ALTA) values ('78-6264211', 'Alida', 'Arson', TO_TIMESTAMP('2019-11-02 21:00:13','YYYY-MM-DD HH24:MI:SS'));                   INSERT INTO CLIENTES VALUES (true,'78-6264211');
insert into PERSONAS (DNI, NOMBRE, APELLIDOS, FECHA_ALTA) values ('79-2761464', 'Eliot', 'Cutmare', TO_TIMESTAMP('2020-07-15 04:07:37','YYYY-MM-DD HH24:MI:SS'));                 INSERT INTO CLIENTES VALUES (true,'79-2761464');
insert into PERSONAS (DNI, NOMBRE, APELLIDOS, FECHA_ALTA) values ('75-7070126', 'Ralph', 'Hartshorn', TO_TIMESTAMP('2019-12-29 11:35:46','YYYY-MM-DD HH24:MI:SS'));               INSERT INTO CLIENTES VALUES (true,'75-7070126');
insert into PERSONAS (DNI, NOMBRE, APELLIDOS, FECHA_ALTA) values ('86-8245121', 'Amelita', 'Kleine', TO_TIMESTAMP('2019-09-29 14:04:25','YYYY-MM-DD HH24:MI:SS'));                INSERT INTO CLIENTES VALUES (true,'86-8245121');
insert into PERSONAS (DNI, NOMBRE, APELLIDOS, FECHA_ALTA) values ('62-0242340', 'Shepperd', 'Slyvester', TO_TIMESTAMP('2020-04-22 20:25:23','YYYY-MM-DD HH24:MI:SS'));            INSERT INTO CLIENTES VALUES (true,'62-0242340');
insert into PERSONAS (DNI, NOMBRE, APELLIDOS, FECHA_ALTA) values ('53-1420505', 'Faulkner', 'Anyene', TO_TIMESTAMP('2020-04-22 18:22:05','YYYY-MM-DD HH24:MI:SS'));               INSERT INTO CLIENTES VALUES (true,'53-1420505');
insert into PERSONAS (DNI, NOMBRE, APELLIDOS, FECHA_ALTA) values ('93-5760920', 'Garnet', 'Ramel', TO_TIMESTAMP('2019-10-07 10:01:30','YYYY-MM-DD HH24:MI:SS'));                  INSERT INTO CLIENTES VALUES (true,'93-5760920');
insert into PERSONAS (DNI, NOMBRE, APELLIDOS, FECHA_ALTA) values ('45-8403277', 'Jamie', 'Donkersley', TO_TIMESTAMP('2020-02-09 23:49:45','YYYY-MM-DD HH24:MI:SS'));              INSERT INTO CLIENTES VALUES (true,'45-8403277');
insert into PERSONAS (DNI, NOMBRE, APELLIDOS, FECHA_ALTA) values ('08-8666157', 'Lawry', 'Hugli', TO_TIMESTAMP('2020-06-20 21:06:06','YYYY-MM-DD HH24:MI:SS'));                   INSERT INTO CLIENTES VALUES (true,'08-8666157');
insert into PERSONAS (DNI, NOMBRE, APELLIDOS, FECHA_ALTA) values ('51-0490125', 'Pauly', 'Mortel', TO_TIMESTAMP('2020-03-11 04:18:27','YYYY-MM-DD HH24:MI:SS'));                  INSERT INTO CLIENTES VALUES (true,'51-0490125');
insert into PERSONAS (DNI, NOMBRE, APELLIDOS, FECHA_ALTA) values ('39-7792165', 'Vite', 'Helkin', TO_TIMESTAMP('2020-01-08 08:46:31','YYYY-MM-DD HH24:MI:SS'));                   INSERT INTO CLIENTES VALUES (true,'39-7792165');
insert into PERSONAS (DNI, NOMBRE, APELLIDOS, FECHA_ALTA) values ('71-1633276', 'Minny', 'Avey', TO_TIMESTAMP('2019-08-28 16:21:25','YYYY-MM-DD HH24:MI:SS'));                    INSERT INTO CLIENTES VALUES (true,'71-1633276');
insert into PERSONAS (DNI, NOMBRE, APELLIDOS, FECHA_ALTA) values ('04-7529914', 'Arlen', 'Bruntje', TO_TIMESTAMP('2020-03-10 19:09:09','YYYY-MM-DD HH24:MI:SS'));                 INSERT INTO CLIENTES VALUES (true,'04-7529914');
insert into PERSONAS (DNI, NOMBRE, APELLIDOS, FECHA_ALTA) values ('11-9894463', 'Vic', 'Millier', TO_TIMESTAMP('2019-11-02 13:11:29','YYYY-MM-DD HH24:MI:SS'));                   INSERT INTO CLIENTES VALUES (true,'11-9894463');
insert into PERSONAS (DNI, NOMBRE, APELLIDOS, FECHA_ALTA) values ('97-3555079', 'Nikoletta', 'Sackett', TO_TIMESTAMP('2020-07-08 04:27:42','YYYY-MM-DD HH24:MI:SS'));             INSERT INTO CLIENTES VALUES (true,'97-3555079');
insert into PERSONAS (DNI, NOMBRE, APELLIDOS, FECHA_ALTA) values ('72-6122549', 'Glenda', 'Duffer', TO_TIMESTAMP('2019-08-27 22:25:12','YYYY-MM-DD HH24:MI:SS'));                 INSERT INTO CLIENTES VALUES (true,'72-6122549');
insert into PERSONAS (DNI, NOMBRE, APELLIDOS, FECHA_ALTA) values ('62-4847226', 'Jorie', 'Musto', TO_TIMESTAMP('2020-08-13 18:05:03','YYYY-MM-DD HH24:MI:SS'));                   INSERT INTO CLIENTES VALUES (true,'62-4847226');
insert into PERSONAS (DNI, NOMBRE, APELLIDOS, FECHA_ALTA) values ('45-2383038', 'Phillipe', 'Nelle', TO_TIMESTAMP('2019-09-03 01:50:20','YYYY-MM-DD HH24:MI:SS'));                INSERT INTO CLIENTES VALUES (true,'45-2383038');
insert into PERSONAS (DNI, NOMBRE, APELLIDOS, FECHA_ALTA) values ('06-7935189', 'Livvie', 'Stockdale', TO_TIMESTAMP('2020-04-05 17:34:09','YYYY-MM-DD HH24:MI:SS'));              INSERT INTO CLIENTES VALUES (true,'06-7935189');
insert into PERSONAS (DNI, NOMBRE, APELLIDOS, FECHA_ALTA) values ('50-1729724', 'Hershel', 'Sandiford', TO_TIMESTAMP('2020-03-25 22:12:40','YYYY-MM-DD HH24:MI:SS'));             INSERT INTO CLIENTES VALUES (true,'50-1729724');
insert into PERSONAS (DNI, NOMBRE, APELLIDOS, FECHA_ALTA) values ('24-4966904', 'Dredi', 'Bailey', TO_TIMESTAMP('2020-07-22 22:11:48','YYYY-MM-DD HH24:MI:SS'));                  INSERT INTO CLIENTES VALUES (true,'24-4966904');
insert into PERSONAS (DNI, NOMBRE, APELLIDOS, FECHA_ALTA) values ('47-2096275', 'Harriet', 'Maber', TO_TIMESTAMP('2020-03-27 01:28:17','YYYY-MM-DD HH24:MI:SS'));                 INSERT INTO CLIENTES VALUES (true,'47-2096275');
insert into PERSONAS (DNI, NOMBRE, APELLIDOS, FECHA_ALTA) values ('40-2652661', 'Jackie', 'Danovich', TO_TIMESTAMP('2020-02-02 10:18:33','YYYY-MM-DD HH24:MI:SS'));               INSERT INTO CLIENTES VALUES (true,'40-2652661');
insert into PERSONAS (DNI, NOMBRE, APELLIDOS, FECHA_ALTA) values ('41-0584325', 'Peria', 'Walster', TO_TIMESTAMP('2020-07-12 01:35:48','YYYY-MM-DD HH24:MI:SS'));                 INSERT INTO CLIENTES VALUES (true,'41-0584325');
insert into PERSONAS (DNI, NOMBRE, APELLIDOS, FECHA_ALTA) values ('78-1258901', 'Meredeth', 'Swanborrow', TO_TIMESTAMP('2020-06-22 13:45:18','YYYY-MM-DD HH24:MI:SS'));           INSERT INTO CLIENTES VALUES (true,'78-1258901');
insert into PERSONAS (DNI, NOMBRE, APELLIDOS, FECHA_ALTA) values ('06-0029106', 'Kennedy', 'Tayspell', TO_TIMESTAMP('2019-11-01 08:11:11','YYYY-MM-DD HH24:MI:SS'));              INSERT INTO CLIENTES VALUES (true,'06-0029106');
insert into PERSONAS (DNI, NOMBRE, APELLIDOS, FECHA_ALTA) values ('08-2453898', 'Kirsten', 'Castenda', TO_TIMESTAMP('2020-07-06 17:01:54','YYYY-MM-DD HH24:MI:SS'));              INSERT INTO CLIENTES VALUES (true,'08-2453898');
insert into PERSONAS (DNI, NOMBRE, APELLIDOS, FECHA_ALTA) values ('14-3038414', 'Katharyn', 'Ferriby', TO_TIMESTAMP('2020-04-09 23:04:47','YYYY-MM-DD HH24:MI:SS'));              INSERT INTO CLIENTES VALUES (true,'14-3038414');
insert into PERSONAS (DNI, NOMBRE, APELLIDOS, FECHA_ALTA) values ('14-5471132', 'Leisha', 'Connolly', TO_TIMESTAMP('2020-07-17 12:26:23','YYYY-MM-DD HH24:MI:SS'));               INSERT INTO CLIENTES VALUES (true,'14-5471132');
insert into PERSONAS (DNI, NOMBRE, APELLIDOS, FECHA_ALTA) values ('96-3050545', 'Libbie', 'Bradmore', TO_TIMESTAMP('2020-08-09 07:50:31','YYYY-MM-DD HH24:MI:SS'));               INSERT INTO CLIENTES VALUES (true,'96-3050545');
insert into PERSONAS (DNI, NOMBRE, APELLIDOS, FECHA_ALTA) values ('27-8182303', 'Babette', 'Devin', TO_TIMESTAMP('2020-06-04 17:24:37','YYYY-MM-DD HH24:MI:SS'));                 INSERT INTO CLIENTES VALUES (true,'27-8182303');
insert into PERSONAS (DNI, NOMBRE, APELLIDOS, FECHA_ALTA) values ('36-5220058', 'Ario', 'Levens', TO_TIMESTAMP('2019-12-23 18:57:55','YYYY-MM-DD HH24:MI:SS'));                   INSERT INTO CLIENTES VALUES (true,'36-5220058');
insert into PERSONAS (DNI, NOMBRE, APELLIDOS, FECHA_ALTA) values ('92-8501918', 'Ines', 'Rodge', TO_TIMESTAMP('2019-12-22 07:17:17','YYYY-MM-DD HH24:MI:SS'));                    INSERT INTO CLIENTES VALUES (true,'92-8501918');
insert into PERSONAS (DNI, NOMBRE, APELLIDOS, FECHA_ALTA) values ('89-9185859', 'Blakelee', 'Wedgbrow', TO_TIMESTAMP('2020-07-17 02:55:40','YYYY-MM-DD HH24:MI:SS'));             INSERT INTO CLIENTES VALUES (true,'89-9185859');
insert into PERSONAS (DNI, NOMBRE, APELLIDOS, FECHA_ALTA) values ('15-6884876', 'Dewey', 'Hammerton', TO_TIMESTAMP('2019-10-22 14:54:30','YYYY-MM-DD HH24:MI:SS'));               INSERT INTO CLIENTES VALUES (true,'15-6884876');
insert into PERSONAS (DNI, NOMBRE, APELLIDOS, FECHA_ALTA) values ('27-5892797', 'Tootsie', 'Lambertz', TO_TIMESTAMP('2020-02-08 01:22:30','YYYY-MM-DD HH24:MI:SS'));              INSERT INTO CLIENTES VALUES (true,'27-5892797');
insert into PERSONAS (DNI, NOMBRE, APELLIDOS, FECHA_ALTA) values ('78-6742706', 'Evanne', 'Crutch', TO_TIMESTAMP('2020-05-02 09:35:13','YYYY-MM-DD HH24:MI:SS'));                 INSERT INTO CLIENTES VALUES (true,'78-6742706');
insert into PERSONAS (DNI, NOMBRE, APELLIDOS, FECHA_ALTA) values ('40-3160284', 'Niccolo', 'Lidbetter', TO_TIMESTAMP('2020-02-07 04:47:32','YYYY-MM-DD HH24:MI:SS'));             INSERT INTO CLIENTES VALUES (true,'40-3160284');
insert into PERSONAS (DNI, NOMBRE, APELLIDOS, FECHA_ALTA) values ('35-4552152', 'Josee', 'Plumbridge', TO_TIMESTAMP('2020-06-26 21:24:17','YYYY-MM-DD HH24:MI:SS'));              INSERT INTO CLIENTES VALUES (true,'35-4552152');
insert into PERSONAS (DNI, NOMBRE, APELLIDOS, FECHA_ALTA) values ('60-7222873', 'Elvera', 'Ventum', TO_TIMESTAMP('2020-07-17 22:14:16','YYYY-MM-DD HH24:MI:SS'));                 INSERT INTO CLIENTES VALUES (true,'60-7222873');
insert into PERSONAS (DNI, NOMBRE, APELLIDOS, FECHA_ALTA) values ('72-7796130', 'Felipe', 'Le Bosse', TO_TIMESTAMP('2019-09-18 21:09:45','YYYY-MM-DD HH24:MI:SS'));               INSERT INTO CLIENTES VALUES (true,'72-7796130');
insert into PERSONAS (DNI, NOMBRE, APELLIDOS, FECHA_ALTA) values ('82-0594181', 'Josey', 'Dimitrijevic', TO_TIMESTAMP('2020-07-18 09:13:44','YYYY-MM-DD HH24:MI:SS'));            INSERT INTO CLIENTES VALUES (true,'82-0594181');
insert into PERSONAS (DNI, NOMBRE, APELLIDOS, FECHA_ALTA) values ('10-5526854', 'Gannie', 'Gratrex', TO_TIMESTAMP('2020-01-16 18:06:41','YYYY-MM-DD HH24:MI:SS'));                INSERT INTO CLIENTES VALUES (true,'10-5526854');
insert into PERSONAS (DNI, NOMBRE, APELLIDOS, FECHA_ALTA) values ('03-5032373', 'Buiron', 'Rowthorn', TO_TIMESTAMP('2020-03-16 23:48:19','YYYY-MM-DD HH24:MI:SS'));               INSERT INTO CLIENTES VALUES (true,'03-5032373');
insert into PERSONAS (DNI, NOMBRE, APELLIDOS, FECHA_ALTA) values ('58-6366837', 'Mateo', 'Deveril', TO_TIMESTAMP('2019-09-13 03:04:48','YYYY-MM-DD HH24:MI:SS'));                 INSERT INTO CLIENTES VALUES (true,'58-6366837');
insert into PERSONAS (DNI, NOMBRE, APELLIDOS, FECHA_ALTA) values ('06-3731477', 'Alyosha', 'Searle', TO_TIMESTAMP('2020-04-13 20:36:43','YYYY-MM-DD HH24:MI:SS'));                INSERT INTO CLIENTES VALUES (true,'06-3731477');
insert into PERSONAS (DNI, NOMBRE, APELLIDOS, FECHA_ALTA) values ('58-7506162', 'Seline', 'Ratledge', TO_TIMESTAMP('2020-04-10 12:00:16','YYYY-MM-DD HH24:MI:SS'));               INSERT INTO CLIENTES VALUES (true,'58-7506162');
insert into PERSONAS (DNI, NOMBRE, APELLIDOS, FECHA_ALTA) values ('92-2082719', 'Dosi', 'Readie', TO_TIMESTAMP('2019-09-30 01:33:07','YYYY-MM-DD HH24:MI:SS'));                   INSERT INTO CLIENTES VALUES (true,'92-2082719');
insert into PERSONAS (DNI, NOMBRE, APELLIDOS, FECHA_ALTA) values ('25-2000196', 'Foss', 'Mountlow', TO_TIMESTAMP('2019-10-10 02:43:09','YYYY-MM-DD HH24:MI:SS'));                 INSERT INTO CLIENTES VALUES (true,'25-2000196');
insert into PERSONAS (DNI, NOMBRE, APELLIDOS, FECHA_ALTA) values ('63-8173217', 'Gerry', 'Fabbro', TO_TIMESTAMP('2020-06-17 15:16:16','YYYY-MM-DD HH24:MI:SS'));                  INSERT INTO CLIENTES VALUES (true,'63-8173217');
insert into PERSONAS (DNI, NOMBRE, APELLIDOS, FECHA_ALTA) values ('36-6452099', 'Phillida', 'Rolley', TO_TIMESTAMP('2019-11-06 03:54:23','YYYY-MM-DD HH24:MI:SS'));               INSERT INTO CLIENTES VALUES (true,'36-6452099');
insert into PERSONAS (DNI, NOMBRE, APELLIDOS, FECHA_ALTA) values ('24-0310583', 'Maurizia', 'Oag', TO_TIMESTAMP('2019-09-13 21:06:37','YYYY-MM-DD HH24:MI:SS'));                  INSERT INTO CLIENTES VALUES (true,'24-0310583');
insert into PERSONAS (DNI, NOMBRE, APELLIDOS, FECHA_ALTA) values ('14-3272257', 'Cassius', 'Gianneschi', TO_TIMESTAMP('2020-03-20 18:31:48','YYYY-MM-DD HH24:MI:SS'));            INSERT INTO CLIENTES VALUES (true,'14-3272257');
insert into PERSONAS (DNI, NOMBRE, APELLIDOS, FECHA_ALTA) values ('46-6189628', 'Lilyan', 'Hablet', TO_TIMESTAMP('2019-12-20 11:43:01','YYYY-MM-DD HH24:MI:SS'));                 INSERT INTO CLIENTES VALUES (true,'46-6189628');
insert into PERSONAS (DNI, NOMBRE, APELLIDOS, FECHA_ALTA) values ('19-8098985', 'Elysia', 'Baxill', TO_TIMESTAMP('2020-01-31 16:34:10','YYYY-MM-DD HH24:MI:SS'));                 INSERT INTO CLIENTES VALUES (true,'19-8098985');
insert into PERSONAS (DNI, NOMBRE, APELLIDOS, FECHA_ALTA) values ('37-0087799', 'Mahala', 'Orys', TO_TIMESTAMP('2020-02-29 23:56:22','YYYY-MM-DD HH24:MI:SS'));                   INSERT INTO CLIENTES VALUES (true,'37-0087799');
insert into PERSONAS (DNI, NOMBRE, APELLIDOS, FECHA_ALTA) values ('28-7152934', 'Cleopatra', 'Chalcroft', TO_TIMESTAMP('2019-10-05 23:36:36','YYYY-MM-DD HH24:MI:SS'));           INSERT INTO CLIENTES VALUES (true,'28-7152934');
insert into PERSONAS (DNI, NOMBRE, APELLIDOS, FECHA_ALTA) values ('16-3072567', 'Willis', 'Pendock', TO_TIMESTAMP('2019-10-25 17:49:01','YYYY-MM-DD HH24:MI:SS'));                INSERT INTO CLIENTES VALUES (true,'16-3072567');
insert into PERSONAS (DNI, NOMBRE, APELLIDOS, FECHA_ALTA) values ('54-1485997', 'Dewitt', 'Damarell', TO_TIMESTAMP('2020-01-10 23:55:41','YYYY-MM-DD HH24:MI:SS'));               INSERT INTO CLIENTES VALUES (true,'54-1485997');
insert into PERSONAS (DNI, NOMBRE, APELLIDOS, FECHA_ALTA) values ('46-9666853', 'Anitra', 'McCurrie', TO_TIMESTAMP('2020-07-12 22:24:28','YYYY-MM-DD HH24:MI:SS'));               INSERT INTO CLIENTES VALUES (true,'46-9666853');
insert into PERSONAS (DNI, NOMBRE, APELLIDOS, FECHA_ALTA) values ('74-1464265', 'Gibbie', 'Haugg', TO_TIMESTAMP('2019-10-31 16:43:45','YYYY-MM-DD HH24:MI:SS'));                  INSERT INTO CLIENTES VALUES (true,'74-1464265');
insert into PERSONAS (DNI, NOMBRE, APELLIDOS, FECHA_ALTA) values ('71-5872330', 'Humphrey', 'Kenwin', TO_TIMESTAMP('2019-09-28 03:22:31','YYYY-MM-DD HH24:MI:SS'));               INSERT INTO CLIENTES VALUES (true,'71-5872330');
insert into PERSONAS (DNI, NOMBRE, APELLIDOS, FECHA_ALTA) values ('65-3745222', 'Daune', 'Spon', TO_TIMESTAMP('2020-08-10 07:18:33','YYYY-MM-DD HH24:MI:SS'));                    INSERT INTO CLIENTES VALUES (true,'65-3745222');
insert into PERSONAS (DNI, NOMBRE, APELLIDOS, FECHA_ALTA) values ('94-2382760', 'Valeria', 'Dorkens', TO_TIMESTAMP('2020-06-18 04:06:18','YYYY-MM-DD HH24:MI:SS'));               INSERT INTO CLIENTES VALUES (true,'94-2382760');
insert into PERSONAS (DNI, NOMBRE, APELLIDOS, FECHA_ALTA) values ('20-8256599', 'Jaynell', 'McCutheon', TO_TIMESTAMP('2020-05-28 07:21:38','YYYY-MM-DD HH24:MI:SS'));             INSERT INTO CLIENTES VALUES (true,'20-8256599');
insert into PERSONAS (DNI, NOMBRE, APELLIDOS, FECHA_ALTA) values ('65-4765868', 'Grata', 'Linder', TO_TIMESTAMP('2019-09-07 15:02:32','YYYY-MM-DD HH24:MI:SS'));                  INSERT INTO CLIENTES VALUES (true,'65-4765868');
insert into PERSONAS (DNI, NOMBRE, APELLIDOS, FECHA_ALTA) values ('63-9944676', 'Fiann', 'Breewood', TO_TIMESTAMP('2020-06-06 08:40:18','YYYY-MM-DD HH24:MI:SS'));                INSERT INTO CLIENTES VALUES (true,'63-9944676');
insert into PERSONAS (DNI, NOMBRE, APELLIDOS, FECHA_ALTA) values ('43-1059312', 'Ashbey', 'Beachamp', TO_TIMESTAMP('2019-12-10 09:16:53','YYYY-MM-DD HH24:MI:SS'));               INSERT INTO CLIENTES VALUES (true,'43-1059312');
insert into PERSONAS (DNI, NOMBRE, APELLIDOS, FECHA_ALTA) values ('57-9339820', 'Cherice', 'Dissman', TO_TIMESTAMP('2020-02-27 00:03:52','YYYY-MM-DD HH24:MI:SS'));               INSERT INTO CLIENTES VALUES (true,'57-9339820');
insert into PERSONAS (DNI, NOMBRE, APELLIDOS, FECHA_ALTA) values ('03-8150552', 'Manda', 'Dundon', TO_TIMESTAMP('2020-04-15 18:06:13','YYYY-MM-DD HH24:MI:SS'));                  INSERT INTO CLIENTES VALUES (true,'03-8150552');
insert into PERSONAS (DNI, NOMBRE, APELLIDOS, FECHA_ALTA) values ('46-2500245', 'Jemmie', 'Glossop', TO_TIMESTAMP('2020-07-06 06:53:28','YYYY-MM-DD HH24:MI:SS'));                INSERT INTO CLIENTES VALUES (true,'46-2500245');
insert into PERSONAS (DNI, NOMBRE, APELLIDOS, FECHA_ALTA) values ('84-3790863', 'Avram', 'Mulford', TO_TIMESTAMP('2020-06-08 02:05:43','YYYY-MM-DD HH24:MI:SS'));                 INSERT INTO CLIENTES VALUES (true,'84-3790863');
insert into PERSONAS (DNI, NOMBRE, APELLIDOS, FECHA_ALTA) values ('88-2798527', 'Maxy', 'Galiford', TO_TIMESTAMP('2020-06-13 08:41:38','YYYY-MM-DD HH24:MI:SS'));                 INSERT INTO CLIENTES VALUES (true,'88-2798527');
insert into PERSONAS (DNI, NOMBRE, APELLIDOS, FECHA_ALTA) values ('15-4880507', 'Bryna', 'Langmuir', TO_TIMESTAMP('2020-02-17 05:24:49','YYYY-MM-DD HH24:MI:SS'));                INSERT INTO CLIENTES VALUES (true,'15-4880507');
insert into PERSONAS (DNI, NOMBRE, APELLIDOS, FECHA_ALTA) values ('39-2234950', 'Dannie', 'Secrett', TO_TIMESTAMP('2019-09-30 22:50:08','YYYY-MM-DD HH24:MI:SS'));                INSERT INTO CLIENTES VALUES (true,'39-2234950');
insert into PERSONAS (DNI, NOMBRE, APELLIDOS, FECHA_ALTA) values ('58-4343391', 'Dyane', 'Redmore', TO_TIMESTAMP('2020-04-18 05:15:37','YYYY-MM-DD HH24:MI:SS'));                 INSERT INTO CLIENTES VALUES (true,'58-4343391');

INSERT INTO PRODUCTOS VALUES
(2,1,'cosa',2.0,'FRAGIL');

INSERT INTO PRODUCTOS VALUES
(3,2,'cosa2',5.5,'FRAGIL');

INSERT INTO PRODUCTOS VALUES
(4,3,'cosa3',1.0,'NO_FRAGIL');

INSERT INTO PRODUCTOS VALUES
(5,4,'cosa4',1.5,'NO_FRAGIL');